{"max": [1.4169747829437256, 0.9201663732528687, 0.9598923921585083, 1.0, 0.9815566539764404, 0.9975805282592773, 1.0, 1.0, 1.0, 1.0, 1.0, 1.0, 1.0, 1.0, 1.0, 1.0, 1.0, 1.0, 1.0, 1.0, 1.0, 1.0, 1.0, 1.0, 1.0, 1.0, 1.0, 1.0, 1.0, 1.0, 1.0, 1.0, 1.0, 1.0, 1.0, 1.0, 1.0, 1.0, 1.0, 1.0, 1.0, 1.0, 1.0, 1.0, 1.0], "min": [0.0031269218306988478, 0.0, 0.0, 0.0, 0.0, 0.0, 0.0, 0.0, 0.0, 0.0, 0.0, 0.0, 0.0, 0.0, 0.0, 0.0, 0.0, 0.0, 0.0, 0.0, 0.0, 0.0, 0.0, 0.0, 0.0, 0.0, 0.0, 0.0, 0.0, 0.0, 0.0, 0.0, 0.0, 0.0, 0.0, 0.0, 0.0, 0.0, 0.0, 0.0, 0.0, 0.0, 0.0, 0.0, 0.0], "mean": [-0.9790812917804077, -5.2532530903949555, -4.401750570135275, -3.79139475677663, -3.268840068531472, -2.894060590787951, -2.596424757897117, -2.360369454790574, -2.181331173385, -2.0474493717358646, -1.9464040994230651, -1.8818504604955495, -1.8521845407899657, -1.8462575181443892, -1.8766738926689235, -1.9328749806791372, -2.0188119199445413, -2.1285911154817643, -2.251562808782272, -2.403267332291197, -2.573473794729148, -2.7713603594640994, -2.945225136592231, -3.159741381458412, -3.3710965577533525, -3.5787936569093715, -3.7959099307643847, -4.02036231998609, -4.239575688603898, -4.4364279890335, -4.660036527573422, -4.8623565532422415, -5.0504212034633715, -5.197158294388546, -5.378192322050095, -5.543459927996291, -5.68462750175671, -5.791963493946955, -5.910068645285577, -6.004995395843721, -6.070926564723794, -6.108427007603017, -6.094353425428256, -5.9922264726137024, -5.651992185531074], "std": [0.22305213192492432, 1.2859600101017665, 1.2534966275148396, 1.1623231302976833, 1.0617249964200866, 0.9661880783280415, 0.8900588868870405, 0.8347357778793251, 0.8167454317366724, 0.8424101037754058, 0.9112242921637244, 1.0429505510664097, 1.260167192448117, 1.4858088542990548, 1.774885335103934, 2.0921602726841324, 2.432556430063609, 2.7672848490223307, 3.109360910703921, 3.477712185111683, 3.807934985530046, 4.129671090226648, 4.40991101150689, 4.677045154280242, 4.904851148372754, 5.12470952561633, 5.318809595200973, 5.481623195310372, 5.631110001247093, 5.770664714406714, 5.867792113781172, 5.9823633686486914, 6.078856719393695, 6.1934568035854225, 6.282481941347453, 6.373370047199281, 6.471038184243324, 6.6019779556752445, 6.726113636330533, 6.851661243573133, 7.018293556949856, 7.229782810564627, 7.498928905181389, 7.8864927153466855, 8.545854336624972]}